0,retirement,11,4
0,lakewood,23,0.111111
0,outkast,21,0.75
0,valencia,27,0.5
1,scots,120,0.55
1,morocco,120,0.529412
1,tracker,120,0.219178
0,comfort,5,2
0,boutique,17,0.42857143
0,causal,9,0.25
0,wisely,5,0.11111111
0,unfair,9,0.25
0,certify,7,0.11111111
1,sont,120,0.18181819
0,alleged,3,1.0
1,reform,54,1.0
